{
    "comments": "Amino silane silica CO2 adsorption modeller (383  K) data published in https",
    "datatype": "CO2__Adsorption_Isotherm",
    "data": [
        {
            "comments": "// The curly bracket starts a data series. A file can have more than one data series. The uid is an optional unique ID and can even be a doi, for example.  The name field is the name of the series and will appear in the legend.",
            "uid": "45c0a40",
            "name": "CO2 Adsorption on amino_silane_Silica  (383 K exp)",
            "type": "scatter",
            "x": [
                null,
                0.63435,
                1.314,
                2.5232,
                3.8894,
                4.9954,
                6.3843,
                7.5387,
                8.9797,
                10.534,
                15.473,
                20.69,
                25.883,
                31.019,
                37.424,
                42.545,
                47.615,
                52.676,
                57.691,
                62.742,
                67.756,
                72.783,
                77.822,
                82.838,
                87.874,
                92.875,
                97.902,
                102.94
            ],
            "y": [
                null,
                0.019113857,
                0.03474286,
                0.066584573,
                0.10990557,
                0.144205633,
                0.18746866,
                0.218776609,
                0.255283969,
                0.289891715,
                0.373282962,
                0.438984616,
                0.488860618,
                0.530643195,
                0.570552915,
                0.60127671,
                0.626917032,
                0.648588679,
                0.670260325,
                0.690549624,
                0.709010656,
                0.72680281,
                0.742142412,
                0.759979158,
                0.774248555,
                0.788696319,
                0.802475205,
                0.813311028
            ],
            "extraInformation": "This is just an example of how to add extra information for a series."
        },
        {
            "comments": "// The curly bracket starts a data series. A file can have more than one data series. The uid is an optional unique ID and can even be a doi, for example.  The name field is the name of the series and will appear in the legend.",
            "uid": "45c0a40",
            "name": "CO2 Adsorption on amino_silane_Silica  (383 K mod)",
            "type": "scatter",
            "x": [
                null,
                0.63435,
                1.314,
                2.5232,
                3.8894,
                4.9954,
                6.3843,
                7.5387,
                8.9797,
                10.534,
                15.473,
                20.69,
                25.883,
                31.019,
                37.424,
                42.545,
                47.615,
                52.676,
                57.691,
                62.742,
                67.756,
                72.783,
                77.822,
                82.838,
                87.874,
                92.875,
                97.902,
                102.94
            ],
            "y": [
                null,
                0.022414376,
                0.045272685,
                0.08325893,
                0.12251849,
                0.151811581,
                0.185835524,
                0.212039809,
                0.242418726,
                0.272625112,
                0.354430893,
                0.423398235,
                0.479566488,
                0.526205865,
                0.575187732,
                0.608760072,
                0.638169875,
                0.664431456,
                0.687924596,
                0.709446528,
                0.729002921,
                0.747054881,
                0.7637932,
                0.779274172,
                0.793771597,
                0.807247833,
                0.819968311,
                0.831970437
            ],
            "extraInformation": "This is just an example of how to add extra information for a series."
        }
    ],
    "layout": {
        "comments": "// The title field of the layout is the title of the graph (not of a series).",
        "title": {
            "text": "CO2 Adsorption"
        },
        "xaxis": {
            "comments": "// The x axis title must include the units that are expected.",
            "title": {
                "text": "CO2 Pressure (kPa)"
            },
            "showgrid": false,
            "autorange": true
        },
        "yaxis": {
            "comments": "// The y axis title must include the units that are expected.",
            "title": {
                "text": "CO2 Adsorbed (mol/kg)"
            },
            "autorange": true,
            "gridcolor": "rgb(208, 208, 208)",
            "ticksuffix": "  "
        },
        "legend": {},
        "autosize": true,
        "plot_bgcolor": "rgb(242, 242, 242)",
        "paper_bgcolor": "rgb(242, 242, 242)"
    }
}