{
    "comments": "// A JSON record can have any name, and any extension (such as .txt or .json). For example, CO2AdsorptionNaX.json. The top level datatype field defines which schema to use. The user can create custom fields to store additional information. Remember to add a comma at the end of any fields added.",
    "datatype": "CO2__Adsorption_Isotherm",
    "data": [
        {
            "uid": "45c0a4a",
            "line": {
                "shape": "spline",
                "width": 3
            },
            "name": "CO2 Adsorption on NaX",
            "type": "scatter",
            "x": [
                "2007",
                "2008",
                "2009",
                "2010",
                "2011",
                "2012",
                "2013",
                "2014",
                "2015"
            ],
            "y": [
                0,
                ".0045560506",
                ".0091145081",
                0.0232447635,
                0.0580348915,
                0.1182888421,
                0.192855964,
                0.2578825762,
                0.3022276547
            ]
        },
        {
            "uid": "45c0a4b",
            "line": {
                "shape": "spline",
                "width": 3
            },
            "name": "CO2 Adsorption on CaX",
            "type": "scatter",
            "x": [
                "2007",
                "2008",
                "2009",
                "2010",
                "2011",
                "2012",
                "2013",
                "2014",
                "2015"
            ],
            "y": [
                0,
                0.0065560506,
                0.0111145081,
                0.0252447635,
                0.0680348915,
                0.1382888421,
                0.212855964,
                0.2678825762,
                0.3222276547
            ]
        }
    ],
    "layout": {
        "title": {
            "text": "CO2 Adsorption"
        },
        "xaxis": {
            "title": {
                "text": "CO2 Pressure (Pa)"
            },
            "showgrid": false,
            "autorange": true
        },
        "yaxis": {
            "title": {
                "text": "CO2 Adsorbed (mol/kg)"
            },
            "autorange": true,
            "gridcolor": "rgb(208, 208, 208)",
            "ticksuffix": "  "
        },
        "legend": {},
        "autosize": true,
        "plot_bgcolor": "rgb(242, 242, 242)",
        "paper_bgcolor": "rgb(242, 242, 242)"
    }
}