{
    "comments": "Amino silane silica CO2 adsorption modeller (383  K) data published in https",
    "datatype": "CO2__Adsorption_Isotherm",
    "data": [
        {
            "comments": "// The curly bracket starts a data series. A file can have more than one data series. The uid is an optional unique ID and can even be a doi, for example.  The name field is the name of the series and will appear in the legend.",
            "uid": "45c0a40",
            "name": "CO2 Adsorption on amino_silane_Silica  (343 K mod)",
            "type": "scatter",
            "x": [
                null,
                0.051246,
                0.097324,
                0.14678,
                0.21276,
                0.30539,
                0.43305,
                0.60726,
                0.81824,
                1.1018,
                1.874,
                2.6998,
                3.7635,
                4.9321,
                6.0547,
                7.5831,
                9.127,
                10.685,
                15.89,
                21.06,
                26.156,
                31.224,
                37.606,
                42.704,
                47.736,
                52.745,
                57.761,
                62.791,
                67.811,
                72.835,
                77.858,
                82.883,
                87.902,
                92.914,
                97.924,
                102.95
            ],
            "y": [
                null,
                0.095527295,
                0.164433924,
                0.22537998,
                0.291324112,
                0.363119513,
                0.436100093,
                0.506317659,
                0.565200941,
                0.619403017,
                0.702936714,
                0.75140206,
                0.791033157,
                0.821530219,
                0.844299024,
                0.869479284,
                0.890670614,
                0.909173916,
                0.958113133,
                0.99477087,
                1.023672301,
                1.047424778,
                1.072169542,
                1.088796091,
                1.103073389,
                1.115572297,
                1.126672563,
                1.136612459,
                1.145526207,
                1.153587465,
                1.160906817,
                1.167586569,
                1.173698123,
                1.179310231,
                1.184486882,
                1.189293603
            ],
            "extraInformation": "This is just an example of how to add extra information for a series."
        },
        {
            "comments": "// The curly bracket starts a data series. A file can have more than one data series. The uid is an optional unique ID and can even be a doi, for example.  The name field is the name of the series and will appear in the legend.",
            "uid": "45c0a40",
            "name": "CO2 Adsorption on amino_silane_Silica  (383 K mod)",
            "type": "scatter",
            "x": [
                null,
                0.63435,
                1.314,
                2.5232,
                3.8894,
                4.9954,
                6.3843,
                7.5387,
                8.9797,
                10.534,
                15.473,
                20.69,
                25.883,
                31.019,
                37.424,
                42.545,
                47.615,
                52.676,
                57.691,
                62.742,
                67.756,
                72.783,
                77.822,
                82.838,
                87.874,
                92.875,
                97.902,
                102.94
            ],
            "y": [
                null,
                0.022414376,
                0.045272685,
                0.08325893,
                0.12251849,
                0.151811581,
                0.185835524,
                0.212039809,
                0.242418726,
                0.272625112,
                0.354430893,
                0.423398235,
                0.479566488,
                0.526205865,
                0.575187732,
                0.608760072,
                0.638169875,
                0.664431456,
                0.687924596,
                0.709446528,
                0.729002921,
                0.747054881,
                0.7637932,
                0.779274172,
                0.793771597,
                0.807247833,
                0.819968311,
                0.831970437
            ],
            "extraInformation": "This is just an example of how to add extra information for a series."
        }
    ],
    "layout": {
        "comments": "// The title field of the layout is the title of the graph (not of a series).",
        "title": {
            "text": "CO2 Adsorption"
        },
        "xaxis": {
            "comments": "// The x axis title must include the units that are expected.",
            "title": {
                "text": "CO2 Pressure (kPa)"
            },
            "showgrid": false,
            "autorange": true
        },
        "yaxis": {
            "comments": "// The y axis title must include the units that are expected.",
            "title": {
                "text": "CO2 Adsorbed (mol/kg)"
            },
            "autorange": true,
            "gridcolor": "rgb(208, 208, 208)",
            "ticksuffix": "  "
        },
        "legend": {},
        "autosize": true,
        "plot_bgcolor": "rgb(242, 242, 242)",
        "paper_bgcolor": "rgb(242, 242, 242)"
    }
}