{
    "comments": "Amino silane silica CO2 adsorption modelled (383 K) data published in https",
    "datatype": "CO2__Adsorption_Isotherm",
    "data": [
        {
            "comments": "// The curly bracket starts a data series. A file can have more than one data series. The uid is an optional unique ID and can even be a doi, for example.  The name field is the name of the series and will appear in the legend.",
            "uid": "45c0a40",
            "name": "CO2 Adsorption on amino_silane_Silica (343 K exp)",
            "type": "scatter",
            "x": [
                null,
                0.051246,
                0.097324,
                0.14678,
                0.21276,
                0.30539,
                0.43305,
                0.60726,
                0.81824,
                1.1018,
                1.874,
                2.6998,
                3.7635,
                4.9321,
                6.0547,
                7.5831,
                9.127,
                10.685,
                15.89,
                21.06,
                26.156,
                31.224,
                37.606,
                42.704,
                47.736,
                52.745,
                57.761,
                62.791,
                67.811,
                72.835,
                77.858,
                82.883,
                87.902,
                92.914,
                97.924,
                102.95
            ],
            "y": [
                null,
                0.072622312,
                0.14531597,
                0.217019689,
                0.285923039,
                0.354558838,
                0.419502431,
                0.477623468,
                0.532694421,
                0.581032003,
                0.663303994,
                0.718642499,
                0.76912049,
                0.806488473,
                0.834269205,
                0.860845957,
                0.884078318,
                0.902717718,
                0.948067645,
                0.980084604,
                1.005412784,
                1.027262797,
                1.049781689,
                1.065879353,
                1.080104158,
                1.093214166,
                1.106636317,
                1.119567958,
                1.129957863,
                1.141774707,
                1.151807877,
                1.160993801,
                1.168841969,
                1.178161669,
                1.187615145,
                1.196087599
            ],
            "extraInformation": "This is just an example of how to add extra information for a series."
        },
        {
            "comments": "// The curly bracket starts a data series. A file can have more than one data series. The uid is an optional unique ID and can even be a doi, for example.  The name field is the name of the series and will appear in the legend.",
            "uid": "45c0a40",
            "name": "CO2 Adsorption on amino_silane_Silica  (383 K exp)",
            "type": "scatter",
            "x": [
                null,
                0.63435,
                1.314,
                2.5232,
                3.8894,
                4.9954,
                6.3843,
                7.5387,
                8.9797,
                10.534,
                15.473,
                20.69,
                25.883,
                31.019,
                37.424,
                42.545,
                47.615,
                52.676,
                57.691,
                62.742,
                67.756,
                72.783,
                77.822,
                82.838,
                87.874,
                92.875,
                97.902,
                102.94
            ],
            "y": [
                null,
                0.019113857,
                0.03474286,
                0.066584573,
                0.10990557,
                0.144205633,
                0.18746866,
                0.218776609,
                0.255283969,
                0.289891715,
                0.373282962,
                0.438984616,
                0.488860618,
                0.530643195,
                0.570552915,
                0.60127671,
                0.626917032,
                0.648588679,
                0.670260325,
                0.690549624,
                0.709010656,
                0.72680281,
                0.742142412,
                0.759979158,
                0.774248555,
                0.788696319,
                0.802475205,
                0.813311028
            ],
            "extraInformation": "This is just an example of how to add extra information for a series."
        }
    ],
    "layout": {
        "comments": "// The title field of the layout is the title of the graph (not of a series).",
        "title": {
            "text": "CO2 Adsorption"
        },
        "xaxis": {
            "comments": "// The x axis title must include the units that are expected.",
            "title": {
                "text": "CO2 Pressure (kPa)"
            },
            "showgrid": false,
            "autorange": true
        },
        "yaxis": {
            "comments": "// The y axis title must include the units that are expected.",
            "title": {
                "text": "CO2 Adsorbed (mol/kg)"
            },
            "autorange": true,
            "gridcolor": "rgb(208, 208, 208)",
            "ticksuffix": "  "
        },
        "legend": {},
        "autosize": true,
        "plot_bgcolor": "rgb(242, 242, 242)",
        "paper_bgcolor": "rgb(242, 242, 242)"
    }
}