{
    "comments": "CH4 Activation over Perovskite Catalysts",
    "datatype": "CO2_Adsorption___Differential_Enthalpy",
    "data": [
        {
            "uid": "45c0a40",
            "line": {
                "shape": "spline",
                "width": 3
            },
            "name": "LaCoO3",
            "type": "scatter",
            "x": [
                null,
                0.19597,
                0.38903,
                0.58078,
                0.77172,
                0.95612,
                1.14049,
                1.31931,
                1.49773,
                1.67169,
                1.84534,
                2.01765,
                2.18593,
                2.35222,
                2.51701,
                2.68238,
                2.8479,
                3.01125,
                3.17321,
                3.33449,
                3.49425,
                3.65692,
                3.81829,
                3.97531,
                4.12654,
                4.25929,
                4.36492,
                4.44715,
                4.51487,
                4.5718,
                4.67402,
                4.77581,
                4.85039,
                4.90863,
                4.96106,
                5.00776,
                5.05686,
                5.09508,
                5.13202,
                5.16818,
                5.2227,
                5.27459,
                5.32429,
                5.3679,
                5.41521,
                5.45483
            ],
            "y": [
                null,
                119.15641,
                118.15329,
                124.03955,
                123.99529,
                121.9399,
                121.96552,
                126.35409,
                127.24078,
                125.53421,
                120.77768,
                131.76015,
                121.41463,
                118.31951,
                113.49913,
                128.78457,
                118.86848,
                119.12944,
                94.78663,
                113.95363,
                123.15663,
                120.95113,
                110.5422,
                106.02771,
                85.78614,
                45.60226,
                35.824,
                31.55215,
                15.08471,
                16.65387,
                24.32679,
                13.80596,
                14.49591,
                17.17135,
                10.55737,
                23.14898,
                17.43725,
                9.3062,
                9.4831,
                null,
                15.52616,
                22.91594,
                26.10321,
                29.74682,
                29.71024,
                30.01468
            ]
        },
        {
            "uid": "45c0a40",
            "line": {
                "shape": "spline",
                "width": 3
            },
            "name": "LaFeO3",
            "type": "scatter",
            "x": [
                null,
                0.167,
                0.33496,
                0.50598,
                0.67361,
                0.84123,
                1.00652,
                1.17088,
                1.33617,
                1.49799,
                1.65619,
                1.81733,
                1.97414,
                2.13134,
                2.2892,
                2.44419,
                2.5978,
                2.75083,
                2.90336,
                3.05666,
                3.20982,
                3.35977,
                3.51159,
                3.66332,
                3.81277,
                3.96417,
                4.11437,
                4.26234,
                4.41177,
                4.55836,
                4.69914,
                4.83091,
                4.95142,
                5.06196,
                5.16176,
                5.25171,
                5.33179,
                5.40588,
                5.47535,
                5.60704,
                5.7311,
                5.83834,
                5.92758,
                5.99835,
                6.05958,
                6.12115,
                6.17853,
                6.23654,
                6.2809,
                6.3319,
                6.3937,
                6.45549,
                6.51578,
                6.57668,
                6.62612,
                6.67915
            ],
            "y": [
                null,
                136.55906,
                131.45221,
                120.59915,
                118.16312,
                127.37727,
                129.73358,
                133.77259,
                137.97628,
                122.40547,
                122.89972,
                131.9398,
                133.27169,
                134.09176,
                129.50373,
                126.03748,
                124.21117,
                124.68017,
                126.28798,
                125.05354,
                129.32094,
                126.03506,
                123.28353,
                120.96402,
                125.23938,
                115.82581,
                118.56249,
                121.57265,
                108.84001,
                86.15691,
                83.9003,
                78.60271,
                65.59399,
                36.99054,
                36.41493,
                26.2636,
                14.7489,
                14.71689,
                10.64583,
                15.86853,
                16.84498,
                9.3199,
                15.2712,
                10.77233,
                14.83896,
                12.38018,
                10.94238,
                15.22293,
                4.3628,
                6.23571,
                6.96898,
                12.52826,
                18.08212,
                22.37963,
                25.72857,
                18.84665
            ]
        },
        {
            "uid": "45c0a40",
            "line": {
                "shape": "spline",
                "width": 3
            },
            "name": "LaInO3",
            "type": "scatter",
            "x": [
                null,
                0.19904,
                0.39759,
                0.58987,
                0.77049,
                0.94813,
                1.12119,
                1.29224,
                1.45963,
                1.62367,
                1.78906,
                1.95121,
                2.11182,
                2.2706,
                2.43118,
                2.59152,
                2.74997,
                2.90256,
                3.04032,
                3.16099,
                3.26351,
                3.35162,
                3.43008,
                3.59458,
                3.72516,
                3.83595,
                3.91651,
                3.99148,
                4.05894,
                4.12283,
                4.22171,
                4.31549,
                4.39954,
                4.47904
            ],
            "y": [
                null,
                131.743,
                138.9294,
                130.47523,
                125.06311,
                124.61466,
                125.27948,
                128.74864,
                120.71308,
                130.0986,
                124.91095,
                123.2188,
                120.85612,
                121.53682,
                123.70883,
                116.81848,
                113.19277,
                80.34538,
                52.73675,
                45.15582,
                27.68179,
                20.61259,
                15.91549,
                32.43317,
                16.51683,
                19.46785,
                19.72621,
                18.17031,
                25.24148,
                28.42791,
                35.58911,
                29.04986,
                27.01142,
                22.84674
            ]
        },
        {
            "uid": "45c0a40",
            "line": {
                "shape": "spline",
                "width": 3
            },
            "name": "LaMnO3",
            "type": "scatter",
            "x": [
                null,
                0.27628,
                0.54833,
                0.81876,
                1.09207,
                1.35926,
                1.62369,
                1.88606,
                2.14556,
                2.369,
                2.52906,
                2.63827,
                2.72153,
                2.78888,
                2.84244,
                2.94246,
                3.01062,
                3.06717,
                3.11708
            ],
            "y": [
                null,
                106.4872,
                119.32997,
                124.33456,
                114.53629,
                114.99093,
                115.64612,
                111.58032,
                87.68057,
                75.88772,
                55.23415,
                34.50484,
                33.07065,
                34.43169,
                29.76105,
                34.77804,
                29.76709,
                22.09044,
                28.89166
            ]
        }
    ],
    "layout": {
        "title": {
            "text": "CO2 Differential Enthalpy of Adsorption"
        },
        "xaxis": {
            "title": {
                "text": "Quantity Adsorbed (\u03bcmol/m2)"
            },
            "showgrid": false,
            "autorange": true
        },
        "yaxis": {
            "title": {
                "text": "Adsorption_Enthalpy (kJ/mol)"
            },
            "autorange": true,
            "gridcolor": "rgb(208, 208, 208)",
            "ticksuffix": "  "
        },
        "legend": {},
        "autosize": true,
        "plot_bgcolor": "rgb(242, 242, 242)",
        "paper_bgcolor": "rgb(242, 242, 242)"
    },
    "unit": {
        "x": "\u03bcmol/m2",
        "y": "kJ/mol"
    }
}