{
    "comments": " Data from Catalysis-hub.org, pubId=ComerUnraveling2022",
    "datatype": "DFT adsorption energies",
    "data": [
        {
            "comments": "O vs OH",
            "uid": "1234100",
            "mode": "markers",
            "marker": {
                "size": 12
            },
            "name": "(100) facet",
            "type": "scatter",
            "text": [
                "TaO2-rutile",
                "WO2-rutile",
                "NbO2-rutile",
                "MoO2-rutile",
                "ReO2-rutile",
                "OsO2-rutile",
                "IrO2-rutile",
                "TcO2-rutile",
                "PtO2-rutile",
                "RuO2-rutile",
                "RhO2-rutile",
                "VO2-rutile",
                "PdO2-rutile",
                "CrO2-rutile",
                "CoO2-rutile",
                "AuO2-rutile",
                "MnO2-rutile",
                "HfO2-rutile",
                "NiO2-rutile",
                "SnO2-rutile",
                "ZrO2-rutile",
                "GeO2-rutile",
                "TiO2-rutile",
                "FeO2-rutile",
                "AgO2-rutile",
                "PbO2-rutile",
                "InO2-rutile",
                "CdO2-rutile",
                "TlO2-rutile",
                "GaO2-rutile",
                "CuO2-rutile",
                "ZnO2-rutile",
                "HgO2-rutile"
            ],
            "x": [
                -1.4648872700000197,
                -0.8223370100000125,
                -0.7488003199999866,
                -0.6243819400000064,
                -0.5968070200000284,
                -0.36301788000002944,
                -0.24125521999999933,
                0.16733536999998933,
                0.40920365000000913,
                0.4127437599999837,
                0.6185678900000084,
                0.7030296899999939,
                1.2362825600000065,
                1.3257011599999942,
                1.3429571800000133,
                1.3927296500000068,
                1.479763840000004,
                1.5856020299999898,
                1.6035417900000084,
                1.6606341699999945,
                1.7708062300000051,
                1.7843677000000042,
                1.8279682099999945,
                1.8332475400000021,
                1.9078245000000038,
                1.9783995800000014,
                2.027657860000005,
                2.0806685000000016,
                2.08294810000001,
                2.168456400000011,
                2.278097509999995,
                2.573420529999993,
                2.7388193199999975
            ],
            "y": [
                -0.3860777400000188,
                -0.027322410000010677,
                0.2305838700000038,
                -0.05588604999999802,
                0.09213249999999107,
                0.6367953199999761,
                1.5364246399999786,
                0.9260291299999892,
                2.594336840000011,
                1.8274376099999756,
                2.6952608900000143,
                2.18619111000001,
                3.5204086000000103,
                3.403052669999994,
                3.6909155100000106,
                4.089805870000006,
                4.015549669999984,
                4.429426540000009,
                4.0941954200000055,
                4.526084319999995,
                4.577358619999984,
                4.505709780000004,
                4.503489049999985,
                4.525998889999997,
                4.5963922199999985,
                4.810528070000004,
                4.609503860000004,
                4.708414300000001,
                5.473931000000007,
                4.654239590000003,
                4.709045009999997,
                4.757155339999997,
                5.982212809999993
            ],
            "extraInformation": "linear fit"
        },
        {
            "comments": " Linear fit",
            "uid": "1234100",
            "marker": {
                "size": 0
            },
            "name": "100 facet: y=1.63x + 1.44",
            "type": "line",
            "x": [
                -1.6648872700000197,
                2.9388193199999977
            ],
            "y": [
                -1.2753849762278522,
                6.232802010372275
            ],
            "extraInformation": "linear fit"
        },
        {
            "comments": "O vs OH",
            "uid": "1234110",
            "mode": "markers",
            "marker": {
                "size": 12
            },
            "name": "(110) facet",
            "type": "scatter",
            "text": [
                "TaO2-rutile",
                "WO2-rutile",
                "ReO2-rutile",
                "NbO2-rutile",
                "MoO2-rutile",
                "OsO2-rutile",
                "TcO2-rutile",
                "IrO2-rutile",
                "RuO2-rutile",
                "VO2-rutile",
                "RhO2-rutile",
                "PtO2-rutile",
                "PdO2-rutile",
                "CrO2-rutile",
                "CoO2-rutile",
                "SnO2-rutile",
                "AuO2-rutile",
                "MnO2-rutile",
                "HfO2-rutile",
                "GeO2-rutile",
                "ZrO2-rutile",
                "TiO2-rutile",
                "FeO2-rutile",
                "PbO2-rutile",
                "GaO2-rutile",
                "AgO2-rutile",
                "NiO2-rutile",
                "InO2-rutile",
                "ZnO2-rutile",
                "CdO2-rutile",
                "CuO2-rutile",
                "TlO2-rutile",
                "HgO2-rutile"
            ],
            "x": [
                -1.8457094800000107,
                -1.4536935800000208,
                -1.2456720500000245,
                -1.0331504800000175,
                -0.6729427900000076,
                -0.6594035900000108,
                -0.36355546999999433,
                -0.34482077999999206,
                0.16800036999998724,
                0.19372555000001057,
                0.4624788099999648,
                0.5042582600000003,
                0.8814808300000152,
                1.125645999999989,
                1.3849585600000012,
                1.4002222199999892,
                1.5057529100000124,
                1.5346961499999736,
                1.536630439999982,
                1.6025459399999988,
                1.7159347999999852,
                1.720904179999991,
                1.8822180100000026,
                2.0040039300000103,
                2.081958209999982,
                2.0888029000000046,
                2.0972767400000123,
                2.127687750000007,
                2.230525390000011,
                2.256772500000011,
                2.2884642799999995,
                2.4098369300000115,
                2.809764130000005
            ],
            "y": [
                -1.0716364600000077,
                -0.7526936900000294,
                -0.4969995900000015,
                -0.2471059700000069,
                -0.2763444900000138,
                0.3907408999999973,
                0.5412371900000039,
                1.4617940899999837,
                1.625445419999977,
                1.958801550000004,
                2.541768879999978,
                2.7252547499999764,
                4.116144020000007,
                3.2340354399999853,
                3.7730144699999926,
                4.433789279999985,
                4.106723360000004,
                4.094782609999982,
                4.471249029999996,
                4.407339119999989,
                4.644526559999974,
                4.549364330000003,
                4.7115982999999915,
                5.109737129999985,
                4.741778619999991,
                4.776718740000007,
                4.480876070000008,
                4.851615380000013,
                4.817226870000013,
                5.024646590000003,
                4.7515746199999995,
                5.082935430000006,
                5.447956660000003
            ],
            "extraInformation": "linear fit"
        },
        {
            "comments": " Linear fit",
            "uid": "1234110",
            "marker": {
                "size": 0
            },
            "name": "110 facet: y=1.57x + 1.61",
            "type": "line",
            "x": [
                -2.045709480000011,
                3.009764130000005
            ],
            "y": [
                -1.6136231327333328,
                6.345136861860796
            ],
            "extraInformation": "linear fit"
        }
    ],
    "layout": {
        "comments": "// The title field of the layout is the title of the graph (not of a series).",
        "title": "O vs OH adsorption on rutile transition metal oxides (10.1021/acs.jpcc.2c02381)",
        "xaxis": {
            "comments": "// The x axis title must include the units that are expected.",
            "title": "OH Adsorption Energy (eV)",
            "showgrid": false,
            "autorange": true
        },
        "yaxis": {
            "comments": "// The y axis title must include the units that are expected.",
            "title": "O Adsorption Energy (eV)",
            "autorange": true,
            "gridcolor": "rgb(208, 208, 208)",
            "ticksuffix": "  "
        },
        "legend": {},
        "autosize": true,
        "plot_bgcolor": "rgb(242, 242, 242)",
        "paper_bgcolor": "rgb(242, 242, 242)"
    },
    "unit": {
        "x": "eV",
        "y": "eV"
    }
}