{
    "comments": "CH4 Activation over Perovskite Catalysts",
    "datatype": "CO2_Adsorption___Differential_Enthalpy",
    "data": [
        {
            "uid": "45c0a40",
            "line": {
                "shape": "spline",
                "width": 3
            },
            "name": "SrZrO3",
            "type": "scatter",
            "x": [
                null,
                0.38403,
                0.76279,
                1.14176,
                1.51808,
                1.89139,
                2.26171,
                2.62428,
                2.98077,
                3.32946,
                3.66135,
                3.98227,
                4.28763,
                4.54864,
                4.72197,
                4.85189,
                5.09055,
                5.26284,
                5.38574,
                5.49514,
                5.67312,
                5.83323
            ],
            "y": [
                null,
                145.48251,
                140.6189,
                154.88342,
                156.5486,
                139.7617,
                119.75345,
                122.91636,
                137.20534,
                158.35839,
                129.69335,
                132.09242,
                116.0414,
                56.63727,
                null,
                null,
                27.32556,
                15.14137,
                28.3031,
                27.81922,
                17.10004,
                13.57737
            ]
        },
        {
            "uid": "45c0a40",
            "line": {
                "shape": "spline",
                "width": 3
            },
            "name": "SrFeO3",
            "type": "scatter",
            "x": [
                null,
                2.16789,
                4.30823,
                6.3777,
                7.99794,
                9.08953
            ],
            "y": [
                null,
                150.71123,
                153.79443,
                143.09666,
                102.71411,
                66.13979
            ]
        },
        {
            "uid": "45c0a40",
            "line": {
                "shape": "spline",
                "width": 3
            },
            "name": "SrTiO3",
            "type": "scatter",
            "x": [
                null,
                0.05547,
                0.13807,
                0.56631,
                0.99147,
                1.40664,
                1.80813,
                2.20376,
                2.58534,
                2.95326,
                3.31705,
                3.68087,
                4.03874,
                4.39576,
                4.74996,
                5.10464,
                5.45752,
                5.80826,
                6.13505,
                6.35192,
                6.50123,
                6.61808,
                6.71532,
                6.79716,
                6.87021,
                7.02597,
                7.15811,
                7.27229
            ],
            "y": [
                null,
                206.03481,
                175.50105,
                158.27305,
                138.63502,
                146.81142,
                139.03103,
                151.25592,
                142.12822,
                140.21193,
                139.18714,
                133.06801,
                136.75931,
                142.56855,
                130.7049,
                133.81181,
                125.04767,
                131.99635,
                84.84064,
                56.84628,
                46.42017,
                38.94254,
                36.99933,
                45.90013,
                44.90997,
                43.14029,
                48.45042,
                53.29011
            ]
        }
    ],
    "layout": {
        "title": {
            "text": "CO2 Differential Enthalpy of Adsorption"
        },
        "xaxis": {
            "title": {
                "text": "Quantity Adsorbed (\u03bcmol/m2)"
            },
            "showgrid": false,
            "autorange": true
        },
        "yaxis": {
            "title": {
                "text": "Adsorption_Enthalpy (kJ/mol)"
            },
            "autorange": true,
            "gridcolor": "rgb(208, 208, 208)",
            "ticksuffix": "  "
        },
        "legend": {},
        "autosize": true,
        "plot_bgcolor": "rgb(242, 242, 242)",
        "paper_bgcolor": "rgb(242, 242, 242)"
    },
    "unit": {
        "x": "\u03bcmol/m2",
        "y": "kJ/mol"
    }
}