﻿comments: The CSV file must have the same number of rows and fields before the data. Any extra information must be in this comments line.,,
DataType: CO2__Adsorption_Isotherm,,
Chart_label: CO2 Adsorption,,
x_label: CO2 Pressure (Pa),,
y_label: CO2 Adsorbed (mol/kg),,
"seriesnames: CO2 Adsorption on NaX, CO2 Adsorption on CaX",,
x_values,y_1,y_2
2007,0,0
2008,.0045560506,.0065560506
2009,.0091145081,.0111145081
2010,.0232447635,.0252447635
2011,.0580348915,.0680348915
2012,.1182888421,.1382888421
2013,.1928559640,.2128559640
2014,.2578825762,.2678825762
2015,.3022276547,.3222276547
