{"comments":"CH4 Activation over Perovskite Catalysts","datatype":"CO2_Adsorption___Differential_Enthalpy","data":[{"comments":"// The curly bracket starts a data series. A file can have more than one data series. The uid is an optional unique ID and can even be a doi, for example.  The name field is the name of the series and will appear in the legend.","uid":"45c0a40","line":{"shape":"spline","width":3},"name":"LaMnO3","type":"scatter","x":[null,0.27628,0.54833,0.81876,1.09207,1.35926,1.62369,1.88606,2.14556,2.369,2.52906,2.63827,2.72153,2.78888,2.84244,2.94246,3.01062,3.06717,3.11708],"y":[null,106.4872,119.32997,124.33456,114.53629,114.99093,115.64612,111.58032,87.68057,75.88772,55.23415,34.50484,33.07065,34.43169,29.76105,34.77804,29.76709,22.09044,28.89166],"extraInformation":"This is just an example of how to add extra information for a series."}],"layout":{"comments":"// The title field of the layout is the title of the graph (not of a series).","title":"CO2 Differential Enthalpy of Adsorption","xaxis":{"comments":"// The x axis title must include the units that are expected.","title":"Quantity Adsorbed (μmol/m2)","showgrid":false,"autorange":true},"yaxis":{"comments":"// The y axis title must include the units that are expected.","title":"Adsorption_Enthalpy (kJ/mol)","autorange":true,"gridcolor":"rgb(208, 208, 208)","ticksuffix":"  "},"legend":{},"autosize":true,"plot_bgcolor":"rgb(242, 242, 242)","paper_bgcolor":"rgb(242, 242, 242)"}}