{"comments":"CH4 Activation over Perovskite Catalysts","datatype":"CO2_Adsorption___Differential_Enthalpy","data":[{"comments":"// The curly bracket starts a data series. A file can have more than one data series. The uid is an optional unique ID and can even be a doi, for example.  The name field is the name of the series and will appear in the legend.","uid":"45c0a40","line":{"shape":"spline","width":3},"name":"SrTiO3","type":"scatter","x":[null,0.05547,0.13807,0.56631,0.99147,1.40664,1.80813,2.20376,2.58534,2.95326,3.31705,3.68087,4.03874,4.39576,4.74996,5.10464,5.45752,5.80826,6.13505,6.35192,6.50123,6.61808,6.71532,6.79716,6.87021,7.02597,7.15811,7.27229],"y":[null,206.03481,175.50105,158.27305,138.63502,146.81142,139.03103,151.25592,142.12822,140.21193,139.18714,133.06801,136.75931,142.56855,130.7049,133.81181,125.04767,131.99635,84.84064,56.84628,46.42017,38.94254,36.99933,45.90013,44.90997,43.14029,48.45042,53.29011],"extraInformation":"This is just an example of how to add extra information for a series."}],"layout":{"comments":"// The title field of the layout is the title of the graph (not of a series).","title":"CO2 Differential Enthalpy of Adsorption","xaxis":{"comments":"// The x axis title must include the units that are expected.","title":"Quantity Adsorbed (μmol/m2)","showgrid":false,"autorange":true},"yaxis":{"comments":"// The y axis title must include the units that are expected.","title":"Adsorption_Enthalpy (kJ/mol)","autorange":true,"gridcolor":"rgb(208, 208, 208)","ticksuffix":"  "},"legend":{},"autosize":true,"plot_bgcolor":"rgb(242, 242, 242)","paper_bgcolor":"rgb(242, 242, 242)"}}