{"comments":"CH4 Activation over Perovskite Catalysts","title":"CO2_Adsorption___Differential_Enthalpy","data":[{"comments":"// The curly bracket starts a data series. A file can have more than one data series. The uid is an optional unique ID and can even be a doi, for example.  The name field is the name of the series and will appear in the legend.","uid":"45c0a40","line":{"shape":"spline","width":3},"name":"SrZrO3","type":"scatter","x":[null,0.38403,0.76279,1.14176,1.51808,1.89139,2.26171,2.62428,2.98077,3.32946,3.66135,3.98227,4.28763,4.54864,4.72197,4.85189,5.09055,5.26284,5.38574,5.49514,5.67312,5.83323],"y":[null,145.48251,140.6189,154.88342,156.5486,139.7617,119.75345,122.91636,137.20534,158.35839,129.69335,132.09242,116.0414,56.63727,null,null,27.32556,15.14137,28.3031,27.81922,17.10004,13.57737],"extraInformation":"This is just an example of how to add extra information for a series."}],"layout":{"comments":"// The title field of the layout is the title of the graph (not of a series).","title":"CO2 Differential Enthalpy of Adsorption","xaxis":{"comments":"// The x axis title must include the units that are expected.","title":"Quantity Adsorbed (μmol/m2)","showgrid":false,"autorange":true},"yaxis":{"comments":"// The y axis title must include the units that are expected.","title":"Adsorption_Enthalpy (kJ/mol)","autorange":true,"gridcolor":"rgb(208, 208, 208)","ticksuffix":"  "},"legend":{},"autosize":true,"plot_bgcolor":"rgb(242, 242, 242)","paper_bgcolor":"rgb(242, 242, 242)"}}