{
    "comments": " Data from Catalysis-hub.org, pubId=ComerUnraveling2022",
    "datatype": "DFT adsorption energies",
    "plot_style": {"layout_style":"default", "trace_styles_collection":"None"},
    "data": [
        {
            "uid": "1234110",
            "marker": {
                "size": 0
            },
            "mode": "lines",
            "line": {
                "width": 4,
                "shape": "linear"
            },            
            "name": "(110) facet: E<sub>Ads,O</sub> = 1.57 * E<sub>Ads,OH</sub> + 1.61",
            "equation": {
                "equation_string" : "E_Ads_O=1.57*E_Ads_OH + y_intercept",
                "y_variable": "E_Ads_O (eV)",
                "x_variable": "E_Ads_OH (eV)",
                "x_range_default" : [-2,3],
                "constants": {"y_intercept": "1.61 (eV)"}
                }
        }
    ],
    "layout": {
        "title": {
            "text": "O vs OH adsorption on rutile transition metal oxides (10.1021/acs.jpcc.2c02381)"
        },
        "xaxis": {
            "title": {
                "text": "OH Adsorption Energy (eV)"
            },
            "showgrid": false,
            "autorange": true
        },
        "yaxis": {
            "title": {
                "text": "O Adsorption Energy (eV)"
            },
            "autorange": true,
            "gridcolor": "rgb(208, 208, 208)",
            "ticksuffix": "  "
        },
        "legend": {},
        "autosize": true,
        "plot_bgcolor": "rgb(242, 242, 242)",
        "paper_bgcolor": "rgb(242, 242, 242)"
    },
    "unit": {
        "x": "eV",
        "y": "eV"
    }
}