{
    "comments": "CH4 Activation over Perovskite Catalysts",
    "datatype": "CO2_Adsorption___Differential_Enthalpy",
    "data": [
        {
            "uid": "45c0a40",
            "line": {
                "shape": "spline",
                "width": 3
            },
            "name": "LaInO3",
            "type": "scatter",
            "x": [
                null,
                0.19904,
                0.39759,
                0.58987,
                0.77049,
                0.94813,
                1.12119,
                1.29224,
                1.45963,
                1.62367,
                1.78906,
                1.95121,
                2.11182,
                2.2706,
                2.43118,
                2.59152,
                2.74997,
                2.90256,
                3.04032,
                3.16099,
                3.26351,
                3.35162,
                3.43008,
                3.59458,
                3.72516,
                3.83595,
                3.91651,
                3.99148,
                4.05894,
                4.12283,
                4.22171,
                4.31549,
                4.39954,
                4.47904
            ],
            "y": [
                null,
                131.743,
                138.9294,
                130.47523,
                125.06311,
                124.61466,
                125.27948,
                128.74864,
                120.71308,
                130.0986,
                124.91095,
                123.2188,
                120.85612,
                121.53682,
                123.70883,
                116.81848,
                113.19277,
                80.34538,
                52.73675,
                45.15582,
                27.68179,
                20.61259,
                15.91549,
                32.43317,
                16.51683,
                19.46785,
                19.72621,
                18.17031,
                25.24148,
                28.42791,
                35.58911,
                29.04986,
                27.01142,
                22.84674
            ]
        }
    ],
    "layout": {
        "title": {
            "text": "CO2 Differential Enthalpy of Adsorption"
        },
        "xaxis": {
            "title": {
                "text": "Quantity Adsorbed (\u03bcmol/m2)"
            },
            "showgrid": false,
            "autorange": true
        },
        "yaxis": {
            "title": {
                "text": "Adsorption_Enthalpy (kJ/mol)"
            },
            "autorange": true,
            "gridcolor": "rgb(208, 208, 208)",
            "ticksuffix": "  "
        },
        "legend": {},
        "autosize": true,
        "plot_bgcolor": "rgb(242, 242, 242)",
        "paper_bgcolor": "rgb(242, 242, 242)"
    }
}