{
    "comments": "CH4 Activation over Perovskite Catalysts",
    "datatype": "CO2_Adsorption___Differential_Enthalpy",
    "data": [
        {
            "uid": "45c0a40",
            "line": {
                "shape": "spline",
                "width": 3
            },
            "name": "SrZrO3",
            "type": "scatter",
            "x": [
                null,
                0.38403,
                0.76279,
                1.14176,
                1.51808,
                1.89139,
                2.26171,
                2.62428,
                2.98077,
                3.32946,
                3.66135,
                3.98227,
                4.28763,
                4.54864,
                4.72197,
                4.85189,
                5.09055,
                5.26284,
                5.38574,
                5.49514,
                5.67312,
                5.83323
            ],
            "y": [
                null,
                145.48251,
                140.6189,
                154.88342,
                156.5486,
                139.7617,
                119.75345,
                122.91636,
                137.20534,
                158.35839,
                129.69335,
                132.09242,
                116.0414,
                56.63727,
                null,
                null,
                27.32556,
                15.14137,
                28.3031,
                27.81922,
                17.10004,
                13.57737
            ]
        }
    ],
    "layout": {
        "title": {
            "text": "CO2 Differential Enthalpy of Adsorption"
        },
        "xaxis": {
            "title": {
                "text": "Quantity Adsorbed (\u03bcmol/m2)"
            },
            "showgrid": false,
            "autorange": true
        },
        "yaxis": {
            "title": {
                "text": "Adsorption_Enthalpy (kJ/mol)"
            },
            "autorange": true,
            "gridcolor": "rgb(208, 208, 208)",
            "ticksuffix": "  "
        },
        "legend": {},
        "autosize": true,
        "plot_bgcolor": "rgb(242, 242, 242)",
        "paper_bgcolor": "rgb(242, 242, 242)"
    }
}